num;bdd;sub;age;sex;sco;sta;anc;job;deg;stc;enf;cho;lan;ste;su_1;su_2;su_3;su_4;su_5;su_6;su_7;su_8;su_9;su_10;su_11;su_12;su_13;su_14
242;1;242_1;2;1;4;1;2;;;;;;;;2;1;5;3;1;4;2;1;4;3;4;2;3;1
508;1;508_1;3;2;3;1;8;;;;;;;;4;3;3;3;2;2;1;2;2;2;2;1;2;1
640;3;20_3;25 à 34 ans;Femme;Maîtrise (études universitaires de 2e cycle);;10 ans et plus;;;;;;;;1;1;1;1;1;1;1;1;1;1;1;1;1;1
696;3;76_3;;Femme;D.E.C. (études collégiales);;1 à 5 ans;;;;;;;;2;2;2;2;4;2;1;1;1;1;1;3;1;1
706;3;86_3;35 à 44 ans;Femme;D.E.C. (études collégiales);;10 ans et plus;;;;;;;;1;1;1;2;1;2;1;1;1;1;1;2;1;1
990;6;14_6;35;2;6;;;;;2;3;2;;1;1;1;1;1;1;1;1;1;4;1;1;4;1;1
1164;6;188_6;20;2;6;;;;;1;1;1;2;1;5;4;4;4;3;3;1;4;3;1;2;2;1;1
96;1;96_1;3;1;3;1;16;;;;;;;;2;4;6;5;2;7;1;3;6;6;3;2;7;2
108;1;108_1;2;1;3;1;2;;;;;;;;2;4;7;5;3;4;2;2;6;6;3;2;7;2
150;1;150_1;3;1;3;1;4;;;;;;;;2;2;5;4;2;4;2;2;2;2;2;2;3;2
162;1;162_1;2;2;3;1;8;;;;;;;;5;4;5;4;3;4;2;2;5;2;3;2;4;2
178;1;178_1;2;1;4;1;5.5;;;;;;;;3;6;6;6;3;6;3;2;6;6;6;2;6;2
222;1;222_1;3;1;4;1;3;;;;;;;;2;4;5;3;3;5;4;2;6;7;6;1;6;2
244;1;244_1;2;1;3;1;75;;;;;;;;1;2;4;6;2;3;1;2;2;2;2;2;5;2
256;1;256_1;3;1;3;1;5;;;;;;;;2;4;5;2;3;4;2;3;5;3;3;3;4;2
298;1;298_1;3;1;3;1;11;;;;;;;;5;4;6;3;3;2;3;2;6;2;3;3;3;2
306;1;306_1;1;1;3;4;3;;;;;;;;3;3;6;3;1;4;1;3;4;3;4;4;2;2
338;1;338_1;1;1;3;1;3;;;;;;;;4;3;6;4;3;7;2;3;3;2;3;2;4;2
366;1;366_1;1;1;3;3;0.25;;;;;;;;2;2;5;2;3;3;2;2;3;2;2;2;6;2
434;1;434_1;2;2;3;1;3;;;;;;;;2;5;6;3;4;2;4;3;3;1;4;2;4;2
468;1;468_1;2;1;3;1;15;;;;;;;;2;2;6;2;2;2;2;2;6;2;6;2;6;2
472;1;472_1;2;2;4;1;15;;;;;;;;2;4;4;2;2;2;2;2;2;2;3;2;3;2
894;5;7_5;23;1;3;;;;;;;;;;4;4;4;4;2;3;3;4;4;4;4;5;1;2
1046;6;70_6;19;2;5;;;;;1;1;1;1;1;5;4;4;4;3;2;2;2;4;3;3;3;2;2
1082;6;106_6;20;1;8;;;;;1;1;1;2;1;5;3;3;5;4;5;2;3;4;5;4;3;2;2
1104;6;128_6;;1;6;;;;;1;1;1;2;1;2;2;3;2;3;2;2;2;2;2;2;2;2;2
1264;6;288_6;22;1;8;;;;;1;1;1;4;1;2;1;2;1;1;3;3;1;4;1;1;2;1;2
1296;6;320_6;30;1;7;;;;;2;1;1;2;1;4;3;3;3;2;4;3;3;2;2;2;4;2;2
1330;6;354_6;24;1;6;;;;;1;1;2;2;1;5;5;4;3;3;3;3;3;3;2;2;2;2;2
1356;6;380_6;24;2;5;;;;;1;1;2;1;1;4;3;4;3;3;3;3;3;2;2;3;4;3;2
1458;6;482_6;25;1;6;;;;;1;6;2;2;1;5;4;5;5;3;2;2;2;4;3;2;2;3;2
16;1;16_1;2;1;3;1;1;;;;;;;;4;3;4;2;3;3;3;2;3;3;2;2;1;3
90;1;90_1;2;1;4;1;17;;;;;;;;5;3;4;4;3;3;3;4;4;4;4;3;3;3
110;1;110_1;2;1;3;1;6;;;;;;;;3;3;4;4;2;3;2;2;3;3;3;2;2;3
118;1;118_1;1;1;3;3;8;;;;;;;;3;3;5;4;4;4;3;3;4;3;3;3;3;3
128;1;128_1;3;1;3;1;2;;;;;;;;4;4;5;4;4;3;4;3;3;3;3;4;4;3
170;1;170_1;2;1;4;1;15;;;;;;;;4;3;4;4;3;4;3;3;4;4;3;3;4;3
234;1;234_1;2;1;3;1;5;;;;;;;;5;2;5;3;3;3;3;3;3;3;3;2;6;3
264;1;264_1;4;1;3;1;8;;;;;;;;3;4;5;4;3;6;2;3;3;4;5;3;6;3
274;1;274_1;1;1;3;1;2;;;;;;;;2;3;4;3;2;4;2;3;3;3;4;2;4;3
354;1;354_1;2;2;4;3;3;;;;;;;;4;4;2;1;2;2;4;3;3;3;4;3;4;3
358;1;358_1;2;1;4;1;1;;;;;;;;3;3;4;5;3;6;3;3;5;3;3;3;6;3
364;1;364_1;3;1;4;1;1;;;;;;;;3;3;5;3;3;5;3;3;3;3;3;3;3;3
380;1;380_1;4;1;4;1;10;;;;;;;;2;2;2;3;3;3;3;3;2;2;2;3;2;3
460;1;460_1;3;2;3;1;3;;;;;;;;3;4;4;4;3;4;1;1;4;4;;4;4;3
482;1;482_1;2;1;3;1;2;;;;;;;;4;3;5;4;3;5;2;2;5;5;4;3;5;3
522;1;522_1;2;1;3;4;;;;;;;;;3;3;4;3;3;5;3;3;4;3;3;3;3;3
566;2;24_2;43;2;;;;15;7;;;;;;5;4;4;5;5;5;5;5;5;5;5;4;5;3
570;2;28_2;45;2;;;;24;6;;;;;;3;5;4;3;4;3;4;4;2;4;4;2;3;3
576;2;34_2;28;2;;;;3;7;;;;;;4;5;;5;4;5;5;4;5;5;4;3;3;3
610;2;68_2;35;2;;;;13;6;;;;;;4;4;4;4;4;5;4;4;4;4;4;3;4;3
620;2;78_2;35;2;;;;12;7;;;;;;3;3;3;4;4;4;3;3;4;3;3;2;3;3
630;3;10_3;25 à 34 ans;Femme;D.E.C. (études collégiales);;1 à 5 ans;;;;;;;;7;4;4;4;4;5;5;6;5;4;6;3;3;3
784;4;22_4;4;1;2;;;;;;;;;;4;4;5;2;4;5;2;3;4;4;4;3;3;3
800;4;38_4;1;1;1;;;;;;;;;;5;4;5;2;3;5;5;5;5;5;5;3;3;3
882;4;120_4;3;1;2;;;;;;;;;;4;4;6;4;6;4;4;3;6;5;4;3;6;3
922;5;35_5;29;1;2;;;;;;;;;;3;3;3;5;3;5;3;3;5;5;5;4;3;3
944;5;57_5;24;1;2;;;;;;;;;;4;3;4;3;3;3;4;4;3;3;3;4;3;3
954;5;67_5;25;1;2;;;;;;;;;;5;4;5;4;4;4;4;4;3;4;4;3;3;3
956;5;69_5;22;1;2;;;;;;;;;;4;3;6;4;3;3;4;3;5;4;3;4;2;3
966;5;79_5;24;1;2;;;;;;;;;;4;3;3;4;3;3;4;4;5;3;2;2;3;3
978;6;2_6;20;2;8;;;;;1;1;2;2;1;4;3;3;4;2;3;4;5;4;4;4;3;3;3
1020;6;44_6;33;2;7;;;;;2;1;1;1;2;4;3;4;3;3;3;3;4;4;4;4;3;3;3
1024;6;48_6;20;2;5;;;;;1;1;1;2;1;3;3;3;4;3;4;3;4;4;3;3;3;3;3
1026;6;50_6;20;;5;;;;;1;1;2;2;1;3;2;2;2;2;2;3;3;3;3;3;3;3;3
1036;6;60_6;19;2;5;;;;;;1;1;2;1;5;4;5;5;4;5;6;5;3;3;4;5;3;3
1080;6;104_6;20;2;5;;;;;1;1;2;2;1;4;4;4;3;2;3;3;3;3;3;3;3;3;3
1098;6;122_6;19;2;5;;;;;1;1;2;2;1;4;4;5;5;3;4;3;4;3;4;4;5;2;3
1118;6;142_6;23;2;5;;;;;1;1;1;2;1;5;4;5;4;2;5;3;3;4;3;4;3;4;3
1136;6;160_6;21;2;6;;;;;1;1;1;;1;4;4;5;4;5;5;5;6;4;5;4;4;3;3
1174;6;198_6;20;2;5;;;;;1;1;1;2;1;4;4;5;4;4;4;5;5;4;5;4;3;4;3
1198;6;222_6;20;1;5;;;;;1;1;1;2;1;4;5;5;5;4;5;3;4;3;4;4;3;3;3
1252;6;276_6;20;1;3;;;;;1;1;1;;1;4;3;4;3;3;4;3;2;3;2;2;4;3;3
1312;6;336_6;19;2;5;;;;;1;1;1;2;1;5;5;5;5;4;4;2;3;2;5;3;2;3;3
1342;6;366_6;20;1;5;;;;;1;1;2;2;1;4;3;3;5;2;6;2;4;3;3;3;2;4;3
1350;6;374_6;23;2;8;;;;;1;1;1;3;1;6;4;4;6;4;6;3;3;6;6;5;3;3;3
1376;6;400_6;20;2;5;;;;;1;1;1;2;1;4;5;5;4;4;5;4;4;4;4;4;3;4;3
1382;6;406_6;21;2;6;;;;;1;1;2;4;1;6;5;5;5;3;5;3;4;2;3;5;2;4;3
1410;6;434_6;22;2;5;;;;;1;1;1;2;1;5;5;5;4;4;4;2;2;4;4;4;3;3;3
1448;6;472_6;19;2;5;;;;;1;1;1;2;1;4;5;4;3;5;4;2;4;3;4;4;3;4;3
1476;6;500_6;17;2;5;;;;;1;1;;;1;2;1;1;;5;5;6;7;3;1;5;1;1;3
1504;6;528_6;;1;5;;;;;1;1;1;;1;4;3;3;3;1;2;3;2;2;3;5;;4;3
1520;6;544_6;22;1;7;;;;;1;1;2;2;1;6;3;3;4;3;4;4;2;3;3;3;2;3;3
18;1;18_1;2;1;3;1;3;;;;;;;;2;3;6;6;2;4;2;2;6;4;6;2;6;4
26;1;26_1;2;1;4;1;6;;;;;;;;6;5;6;6;5;6;6;4;5;4;4;5;7;4
28;1;28_1;1;1;3;1;2;;;;;;;;5;5;6;5;5;4;5;5;5;5;5;3;5;4
34;1;34_1;3;1;3;1;24;;;;;;;;6;6;6;4;6;6;4;5;6;6;4;6;6;4
82;1;82_1;2;1;3;1;1;;;;;;;;5;5;5;4;5;5;5;5;5;5;5;5;5;4
98;1;98_1;1;1;4;1;1;;;;;;;;3;5;6;4;3;4;3;4;4;3;5;2;3;4
114;1;114_1;2;1;3;1;6.5;;;;;;;;4;4;6;4;3;6;4;4;6;4;4;4;6;4
164;1;164_1;2;1;4;1;3;;;;;;;;2;6;7;4;3;5;3;2;4;2;5;1;6;4
196;1;196_1;2;1;3;1;2;;;;;;;;4;3;4;3;3;5;4;2;4;4;4;3;4;4
202;1;202_1;2;1;4;2;1;;;;;;;;3;4;5;5;4;4;3;3;4;4;3;3;5;4
224;1;224_1;1;1;3;1;1;;;;;;;;7;7;6;5;7;6;6;5;5;6;6;7;6;4
246;1;246_1;2;2;4;2;35;;;;;;;;3;5;7;2;4;4;2;2;4;3;2;4;6;4
294;1;294_1;2;1;4;1;2;;;;;;;;3;7;7;7;3;6;2;3;6;6;4;2;6;4
330;1;330_1;2;1;3;1;27;;;;;;;;5;6;5;5;4;5;4;5;5;5;5;5;5;4
374;1;374_1;2;2;4;1;7;;;;;;;;4;5;5;5;5;5;3;4;5;4;4;4;4;4
400;1;400_1;1;2;4;1;80;;;;;;;;5;5;6;5;4;5;4;3;4;5;5;4;5;4
432;1;432_1;1;1;3;1;1;;;;;;;;5;5;5;5;3;4;3;4;5;6;5;4;5;4
438;1;438_1;2;2;3;1;1;;;;;;;;4;4;5;3;4;4;3;4;4;;4;3;4;4
474;1;474_1;1;1;3;1;1;;;;;;;;5;5;5;4;4;5;4;4;5;5;5;4;5;4
480;1;480_1;2;1;4;2;8;;;;;;;;5;5;7;6;4;5;5;5;5;5;5;3;3;4
494;1;494_1;3;1;3;1;20;;;;;;;;5;5;5;5;4;6;5;4;4;4;4;4;5;4
500;1;500_1;1;1;3;1;0.66;;;;;;;;2;2;4;4;2;2;2;5;4;3;3;2;4;4
536;1;536_1;2;1;4;1;45;;;;;;;;4;4;5;3;5;4;4;5;5;4;5;3;4;4
538;1;538_1;2;2;3;1;8;;;;;;;;3;4;5;6;1;5;3;3;5;5;4;3;4;4
556;2;14_2;38;2;;;;14;7;;;;;;5;5;5;4;5;5;5;5;5;5;5;5;3;4
560;2;18_2;40;2;;;;17;6;;;;;;5;4;5;4;4;4;4;5;3;4;4;3;3;4
578;2;36_2;31;2;;;;5;6;;;;;;5;5;4;6;5;5;6;6;5;5;4;3;6;4
580;2;38_2;54;2;;;;25;7;;;;;;4;4;4;3;3;3;4;3;4;4;4;3;4;4
594;2;52_2;52;2;;;;10;7;;;;;;5;4;4;4;4;5;5;4;4;4;4;5;4;4
600;2;58_2;28;2;;;;5;5;;;;;;5;4;5;5;4;5;5;5;4;5;5;4;4;4
608;2;66_2;47;2;;;;21;7;;;;;;3;3;5;4;4;4;3;4;5;4;4;2;5;4
612;2;70_2;47;2;;;;3,5;6;;;;;;6;5;5;4;5;5;5;5;5;5;5;4;4;4
616;2;74_2;36;2;;;;9;6;;;;;;5;4;5;4;4;5;5;5;4;4;5;5;5;4
658;3;38_3;35 à 44 ans;Femme;Baccalauréat (études universitaires de 1er cycle);;10 ans et plus;;;;;;;;5;5;5;5;4;5;5;5;5;5;4;4;4;4
712;3;92_3;;Femme;D.E.S, D.E.P., A.E.P. (études secondaires);;10 ans et plus;;;;;;;;4;4;5;5;4;4;5;4;5;5;4;4;5;4
754;3;134_3;18 à 24 ans;Femme;Certificat (études universitaires de 1er cycle, 30 crédits);;1 à 5 ans;;;;;;;;6;4;6;5;4;5;4;4;4;4;5;3;4;4
766;4;4_4;3;1;2;;;;;;;;;;4;5;6;4;5;5;4;2;5;4;5;1;4;4
776;4;14_4;3;1;1;;;;;;;;;;6;6;6;6;6;6;6;4;6;6;6;4;6;4
786;4;24_4;2;1;2;;;;;;;;;;4;5;5;4;4;6;4;4;5;5;5;3;5;4
804;4;42_4;3;1;2;;;;;;;;;;5;5;5;3;4;4;4;4;5;3;4;3;4;4
820;4;58_4;2;1;3;;;;;;;;;;5;5;5;5;5;4;5;5;4;4;4;5;4;4
824;4;62_4;2;2;2;;;;;;;;;;5;4;5;5;4;5;4;5;5;4;4;5;4;4
858;4;96_4;4;1;2;;;;;;;;;;5;4;5;5;4;3;3;3;4;4;4;3;4;4
860;4;98_4;2;1;3;;;;;;;;;;4;5;5;5;4;5;4;4;5;5;5;3;5;4
874;4;112_4;4;1;2;;;;;;;;;;6;6;6;4;5;6;4;4;6;4;4;4;5;4
878;4;116_4;2;1;2;;;;;;;;;;4;4;5;3;4;3;4;4;4;4;4;3;4;4
880;4;118_4;2;2;2;;;;;;;;;;6;6;6;6;6;6;4;4;6;6;4;5;6;4
892;5;5_5;26;1;3;;;;;;;;;;5;4;5;4;4;4;4;3;4;4;4;3;3;4
902;5;15_5;25;1;3;;;;;;;;;;5;4;6;4;3;4;5;4;4;4;4;3;4;4
904;5;17_5;22;1;2;;;;;;;;;;5;5;5;5;4;3;6;6;5;5;5;3;4;4
906;5;19_5;25;1;2;;;;;;;;;;5;4;4;4;4;5;5;4;4;4;4;4;4;4
916;5;29_5;22;1;2;;;;;;;;;;4;4;4;5;5;5;4;4;5;5;5;5;4;4
924;5;37_5;22;1;2;;;;;;;;;;5;4;5;4;4;5;5;5;5;5;5;4;4;4
934;5;47_5;26;1;3;;;;;;;;;;5;4;3;4;4;4;5;5;3;3;3;3;3;4
940;5;53_5;23;1;2;;;;;;;;;;3;2;7;3;7;7;6;6;6;4;4;2;2;4
952;5;65_5;23;1;2;;;;;;;;;;5;4;4;4;4;5;4;4;4;4;4;4;4;4
958;5;71_5;25;1;2;;;;;;;;;;4;4;4;4;4;4;5;4;4;4;4;4;4;4
982;6;6_6;20;2;5;;;;;1;1;1;3;1;3;2;2;2;2;2;2;2;6;6;6;2;;4
986;6;10_6;25;2;7;;;;;1;1;1;2;1;7;6;6;5;5;5;4;4;4;4;4;4;5;4
994;6;18_6;21;1;5;;;;;2;1;1;2;1;5;5;7;5;3;7;2;4;5;6;4;1;5;4
1028;6;52_6;19;2;5;;;;;1;1;1;2;1;5;5;5;6;6;7;3;5;4;5;4;2;3;4
1034;6;58_6;21;2;5;;;;;1;1;1;2;1;6;5;5;5;4;5;3;4;4;5;4;3;4;4
1038;6;62_6;21;2;6;;;;;1;1;1;2;1;5;4;6;5;4;4;2;5;5;5;5;3;4;4
1052;6;76_6;22;1;5;;;;;1;1;1;2;1;5;4;4;6;5;6;7;4;4;4;5;6;4;4
1058;6;82_6;21;2;6;;;;;2;1;2;;1;5;5;5;5;4;6;1;4;3;4;4;3;2;4
1072;6;96_6;22;1;7;;;;;1;1;1;2;1;4;4;4;5;4;4;4;4;5;4;4;3;4;4
1076;6;100_6;28;2;6;;;;;2;1;2;4;1;2;4;5;4;3;4;4;4;4;5;5;4;4;4
1086;6;110_6;19;2;5;;;;;1;1;2;2;1;5;6;6;5;5;5;4;5;5;5;5;4;5;4
1120;6;144_6;23;2;3;;;;;1;1;2;3;2;5;3;3;5;3;5;3;3;2;4;3;5;4;4
1156;6;180_6;22;1;5;;;;;1;1;1;2;1;5;4;4;4;4;4;4;7;4;4;4;7;4;4
1166;6;190_6;30;1;7;;;;;1;1;1;2;2;7;4;6;6;3;4;2;4;2;4;5;3;4;4
1168;6;192_6;19;2;5;;;;;1;1;1;2;1;4;4;4;5;4;4;5;4;4;5;4;4;4;4
1170;6;194_6;;2;7;;;;;1;1;1;2;1;4;4;5;3;4;3;4;5;4;4;4;3;4;4
1188;6;212_6;23;2;10;;;;;1;1;2;;2;4;5;5;4;3;4;4;3;6;5;4;4;5;4
1192;6;216_6;21;1;5;;;;;1;1;1;2;1;6;4;4;3;4;6;6;6;5;4;4;2;3;4
1194;6;218_6;28;1;7;;;;;1;1;2;1;2;6;5;5;4;3;4;3;4;6;5;5;4;5;4
1196;6;220_6;30;1;8;;;;;1;1;2;;1;2;5;6;2;2;3;1;5;7;2;3;1;7;4
1202;6;226_6;25;2;8;;;;;2;1;2;4;1;5;4;3;5;2;4;3;5;5;2;4;3;3;4
1204;6;228_6;21;2;6;;;;;1;1;1;2;1;4;4;4;4;4;4;2;4;4;4;4;4;4;4
1224;6;248_6;24;1;5;;;;;1;1;1;2;1;5;5;5;5;6;6;6;5;4;6;4;1;3;4
1236;6;260_6;20;2;5;;;;;1;1;1;2;1;5;4;4;4;3;5;5;5;4;4;4;4;5;4
1258;6;282_6;20;2;5;;;;;1;1;1;2;1;6;4;5;5;4;5;3;4;4;5;5;5;5;4
1268;6;292_6;23;2;7;;;;;1;1;1;1;2;5;5;5;5;4;5;5;3;4;5;5;3;4;4
1274;6;298_6;20;2;6;;;;;1;1;1;2;1;6;6;7;6;5;6;4;5;6;6;6;4;5;4
1286;6;310_6;;1;5;;;;;1;1;2;4;1;4;3;6;3;4;5;5;5;6;4;5;4;5;4
1318;6;342_6;;1;5;;;;;1;1;1;2;1;6;4;3;4;3;4;2;6;5;6;5;3;3;4
1360;6;384_6;23;2;7;;;;;1;1;1;2;1;6;4;4;4;4;4;5;4;4;4;4;4;4;4
1386;6;410_6;19;2;5;;;;;1;1;1;2;1;5;5;6;5;3;4;4;5;5;3;5;6;4;4
1406;6;430_6;29;2;5;;;;;1;1;2;4;2;4;3;4;5;4;5;3;3;4;4;4;3;5;4
1408;6;432_6;20;1;5;;;;;1;1;1;2;1;5;6;5;4;5;5;4;7;5;4;5;6;5;4
1418;6;442_6;19;1;5;;;;;1;1;1;2;1;4;5;5;5;4;4;4;4;4;4;4;4;4;4
1422;6;446_6;30;2;6;;;;;2;3;1;1;2;5;4;4;4;6;4;3;6;5;5;5;3;5;4
1460;6;484_6;22;2;6;;;;;1;1;1;2;2;5;4;3;4;4;5;5;5;3;4;4;4;5;4
1462;6;486_6;21;1;6;;;;;1;1;1;2;1;5;4;5;4;6;7;3;5;5;6;6;4;4;4
1464;6;488_6;;2;5;;;;;1;1;1;2;1;5;2;4;;2;4;5;5;4;4;5;3;4;4
1474;6;498_6;;2;6;;;;;2;1;1;1;2;5;4;4;5;4;5;4;5;5;4;5;4;4;4
1486;6;510_6;22;2;5;;;;;2;1;1;1;2;5;4;4;5;5;6;4;3;4;4;5;6;4;4
1518;6;542_6;19;1;5;;;;;1;1;1;2;1;6;4;4;6;5;5;5;4;7;5;5;3;4;4
1524;6;548_6;21;2;8;;;;;1;1;1;2;1;5;4;5;5;4;4;3;4;4;4;4;4;4;4
1530;6;554_6;21;1;8;;;;;1;1;1;2;1;3;3;7;7;4;4;1;5;3;3;4;3;4;4
2;1;2_1;1;2;4;1;6;;;;;;;;5;5;6;6;4;6;5;5;5;5;5;5;6;5
4;1;4_1;2;2;3;1;4;;;;;;;;5;5;6;4;5;6;5;5;6;7;6;4;5;5
6;1;6_1;2;1;4;1;4.5;;;;;;;;6;5;6;4;5;5;6;5;5;4;5;4;5;5
8;1;8_1;2;1;3;1;4;;;;;;;;4;6;6;3;6;3;4;4;5;6;4;5;5;5
30;1;30_1;2;1;4;1;4;;;;;;;;5;5;6;6;4;5;5;5;5;4;5;4;5;5
48;1;48_1;2;2;3;1;14;;;;;;;;6;7;7;6;7;7;6;6;7;6;6;5;6;5
52;1;52_1;2;2;3;1;1;;;;;;;;6;6;6;6;6;6;6;6;6;6;5;5;5;5
64;1;64_1;2;1;3;1;10;;;;;;;;4;5;7;3;5;6;4;5;7;7;7;4;7;5
66;1;66_1;2;1;3;3;7;;;;;;;;4;3;3;4;4;5;3;3;4;4;5;3;4;5
84;1;84_1;2;2;3;1;14;;;;;;;;5;5;5;5;5;5;5;5;5;5;5;5;5;5
86;1;86_1;3;1;3;1;0.5;;;;;;;;5;4;;4;4;5;5;5;5;5;5;4;5;5
94;1;94_1;2;1;3;1;10;;;;;;;;6;6;6;6;4;6;6;6;5;5;5;5;5;5
116;1;116_1;3;1;3;1;5;;;;;;;;5;6;5;5;5;5;4;4;5;4;5;4;5;5
120;1;120_1;3;1;3;1;31;;;;;;;;6;5;6;5;5;6;5;5;6;5;5;5;5;5
124;1;124_1;2;1;3;1;3;;;;;;;;4;5;5;5;4;5;5;4;5;5;5;3;4;5
136;1;136_1;3;1;3;1;35;;;;;;;;5;5;5;5;5;5;5;5;5;5;5;5;5;5
138;1;138_1;4;2;4;3;9;;;;;;;;7;7;6;7;6;6;7;6;5;5;5;7;6;5
144;1;144_1;3;2;3;1;4.5;;;;;;;;5;5;6;5;5;5;5;5;5;5;5;5;5;5
154;1;154_1;2;2;4;2;5;;;;;;;;5;6;7;6;5;6;5;5;6;6;6;4;6;5
156;1;156_1;3;1;3;1;30;;;;;;;;6;5;6;4;5;7;5;4;6;6;6;5;6;5
158;1;158_1;3;1;4;1;18;;;;;;;;5;5;5;5;5;5;5;5;5;5;5;4;5;5
160;1;160_1;1;1;3;1;2;;;;;;;;5;5;5;5;5;5;3;3;5;5;5;5;5;5
166;1;166_1;1;1;3;1;35;;;;;;;;6;6;6;4;6;6;5;5;6;6;6;5;6;5
168;1;168_1;4;1;4;1;26;;;;;;;;5;5;6;6;5;6;6;6;5;5;6;5;4;5
194;1;194_1;2;1;3;1;2;;;;;;;;5;5;5;5;4;6;6;5;6;5;5;3;5;5
198;1;198_1;2;2;3;1;1.5;;;;;;;;6;5;7;6;5;;6;5;5;5;5;6;4;5
204;1;204_1;2;1;3;1;45;;;;;;;;3;5;5;6;5;6;5;5;4;5;;3;6;5
210;1;210_1;3;1;3;1;22;;;;;;;;4;5;5;4;5;4;6;5;5;5;5;3;5;5
214;1;214_1;2;2;4;1;2;;;;;;;;6;5;6;7;6;;6;5;7;7;6;5;6;5
216;1;216_1;2;1;3;1;6;;;;;;;;6;4;5;5;5;4;4;4;5;5;5;5;6;5
218;1;218_1;2;1;3;1;10;;;;;;;;6;5;5;5;4;5;5;5;5;5;4;4;4;5
238;1;238_1;2;1;3;1;1;;;;;;;;5;6;5;4;5;5;5;5;6;5;6;4;6;5
270;1;270_1;2;1;4;1;5;;;;;;;;6;5;5;5;5;5;6;5;5;5;5;4;5;5
278;1;278_1;2;2;3;1;7;;;;;;;;5;5;5;;4;5;5;4;5;5;5;5;5;5
300;1;300_1;1;1;3;3;15;;;;;;;;5;4;6;5;3;5;4;4;5;4;4;3;4;5
308;1;308_1;4;2;4;3;5;;;;;;;;5;4;6;4;4;5;4;4;5;5;4;4;5;5
318;1;318_1;1;1;3;1;55;;;;;;;;5;5;5;5;5;5;5;5;5;5;5;5;5;5
320;1;320_1;1;2;3;1;2;;;;;;;;5;5;6;5;5;6;5;5;7;5;5;6;5;5
326;1;326_1;2;1;4;1;4;;;;;;;;5;5;6;6;6;6;5;4;6;5;4;6;6;5
334;1;334_1;2;2;4;1;5;;;;;;;;3;4;5;3;5;6;3;5;5;5;5;3;5;5
346;1;346_1;2;1;4;1;4;;;;;;;;4;4;6;4;4;5;4;4;5;4;5;4;5;5
370;1;370_1;2;1;4;1;4;;;;;;;;5;6;6;6;4;4;5;5;6;6;6;5;6;5
384;1;384_1;2;1;3;1;11;;;;;;;;5;5;5;4;6;6;5;6;5;5;6;5;5;5
386;1;386_1;2;1;4;1;8;;;;;;;;5;5;5;4;4;5;4;5;5;5;5;5;5;5
402;1;402_1;2;1;3;1;5;;;;;;;;5;4;5;4;7;4;5;5;5;5;5;4;5;5
406;1;406_1;3;1;3;2;1.25;;;;;;;;5;5;6;5;4;4;5;5;6;6;6;4;6;5
408;1;408_1;2;1;4;1;2;;;;;;;;5;5;5;5;5;5;5;5;5;5;5;3;5;5
414;1;414_1;3;1;3;1;6;;;;;;;;5;5;4;5;5;5;3;3;5;3;3;2;4;5
418;1;418_1;1;2;3;3;1.2;;;;;;;;4;4;5;5;5;3;5;4;6;5;5;4;4;5
422;1;422_1;2;2;4;1;2;;;;;;;;6;6;6;6;6;5;6;5;6;6;5;5;6;5
424;1;424_1;3;2;3;1;13;;;;;;;;7;5;6;5;6;5;6;6;6;6;5;5;6;5
428;1;428_1;1;1;3;3;0.8;;;;;;;;5;5;6;4;5;6;5;6;5;5;6;4;4;5
430;1;430_1;2;1;4;1;15;;;;;;;;5;4;5;6;6;5;5;5;6;3;6;6;5;5
436;1;436_1;2;1;4;1;10;;;;;;;;6;6;6;5;4;5;5;5;6;6;6;5;6;5
446;1;446_1;1;1;3;1;4.5;;;;;;;;5;5;4;5;5;5;5;5;4;4;5;5;5;5
464;1;464_1;2;2;4;2;3.5;;;;;;;;4;4;5;5;4;5;4;4;4;4;4;4;4;5
466;1;466_1;1;1;3;1;4;;;;;;;;6;6;6;6;6;6;4;5;6;6;5;5;6;5
490;1;490_1;2;1;3;1;5;;;;;;;;5;6;6;5;5;5;5;5;5;6;6;5;5;5
492;1;492_1;2;1;3;1;5;;;;;;;;4;4;5;3;3;6;3;4;4;5;5;3;5;5
498;1;498_1;2;1;3;1;3;;;;;;;;5;6;6;5;5;5;6;6;5;6;5;5;6;5
512;1;512_1;2;2;3;1;7;;;;;;;;6;5;5;5;4;5;5;5;5;6;5;3;5;5
516;1;516_1;2;2;3;1;35;;;;;;;;6;4;6;5;4;6;5;3;4;5;5;5;6;5
526;1;526_1;2;1;3;1;15;;;;;;;;5;4;6;5;6;6;5;4;5;5;5;5;5;5
530;1;530_1;2;1;4;1;11;;;;;;;;6;6;6;5;5;5;5;5;5;5;5;5;5;5
534;1;534_1;2;1;4;1;25;;;;;;;;5;5;5;5;4;5;5;5;5;5;4;5;4;5
542;1;542_1;3;1;3;1;5;;;;;;;;5;5;5;3;4;;3;3;4;4;5;5;5;5
546;2;4_2;55;2;;;;35;4;;;;;;5;5;6;5;6;6;5;5;6;5;6;5;4;5
548;2;6_2;28;2;;;;5;6;;;;;;4;4;5;5;4;5;5;5;4;5;4;4;4;5
550;2;8_2;36;1;;;;6;6;;;;;;5;3;4;4;6;3;4;5;5;5;5;4;4;5
552;2;10_2;36;2;;;;13;4;;;;;;5;6;6;4;5;5;5;5;7;6;5;4;5;5
554;2;12_2;43;2;;;;6,5;7;;;;;;5;5;5;4;5;5;5;5;5;5;5;4;4;5
562;2;20_2;53;2;;;;10;7;;;;;;5;5;5;5;5;5;5;5;5;5;5;5;5;5
564;2;22_2;35;2;;;;10;6;;;;;;5;5;5;5;5;5;5;5;5;5;5;5;5;5
568;2;26_2;40;2;;;;16;6;;;;;;5;5;6;4;5;6;5;6;5;5;5;4;5;5
574;2;32_2;41;2;;;;3;3;;;;;;5;5;5;6;5;5;7;7;6;5;6;5;5;5
582;2;40_2;;2;;;;4;7;;;;;;5;5;6;5;5;5;5;5;4;4;5;4;4;5
584;2;42_2;37;2;;;;5;3;;;;;;5;4;5;6;5;6;5;6;5;5;5;4;5;5
586;2;44_2;31;2;;;;9;6;;;;;;5;5;5;5;4;6;5;5;5;5;5;5;5;5
588;2;46_2;;2;;;;7;6;;;;;;4;4;4;4;5;4;5;4;5;5;5;4;4;5
590;2;48_2;53;2;;;;10;6;;;;;;5;5;5;5;5;5;4;5;5;5;5;4;5;5
592;2;50_2;28;2;;;;2;7;;;;;;5;5;5;6;5;6;5;5;5;5;6;5;5;5
598;2;56_2;29;2;;;;8;5;;;;;;5;5;5;5;5;5;5;5;5;5;5;5;5;5
606;2;64_2;36;2;;;;12;6;;;;;;5;4;5;6;6;6;6;6;6;5;6;5;4;5
614;2;72_2;58;2;;;;20;6;;;;;;6;5;5;5;5;5;6;6;5;5;5;5;5;5
618;2;76_2;44;2;;;;22;6;;;;;;5;5;5;4;5;5;6;5;6;5;5;4;5;5
622;3;2_3;55 ans et plus;Femme;Aucun Diplôme;;10 ans et plus;;;;;;;;7;7;6;6;7;6;7;6;7;7;6;4;5;5
646;3;26_3;55 ans et plus;Femme;D.E.S, D.E.P., A.E.P. (études secondaires);;1 à 5 ans;;;;;;;;7;6;7;6;7;5;7;5;7;7;6;6;5;5
652;3;32_3;25 à 34 ans;Femme;D.E.C. (études collégiales);;10 ans et plus;;;;;;;;5;4;4;4;5;4;5;4;5;;4;4;5;5
656;3;36_3;35 à 44 ans;Femme;D.E.C. (études collégiales);;Moins de 1 an;;;;;;;;5;6;6;4;6;6;6;7;7;7;6;5;4;5
668;3;48_3;25 à 34 ans;Femme;Baccalauréat (études universitaires de 1er cycle);;Plus de 5 ans à moins de 10 ans;;;;;;;;5;6;6;6;5;6;6;6;6;6;6;5;5;5
680;3;60_3;25 à 34 ans;Femme;D.E.C. (études collégiales);;10 ans et plus;;;;;;;;7;6;7;6;6;7;7;7;6;6;6;6;6;5
694;3;74_3;35 à 44 ans;Femme;D.E.C. (études collégiales);;10 ans et plus;;;;;;;;5;6;6;5;5;6;5;5;6;5;5;5;6;5
708;3;88_3;25 à 34 ans;Femme;D.E.C. (études collégiales);;Plus de 5 ans à moins de 10 ans;;;;;;;;4;5;5;5;4;5;4;5;5;5;5;5;5;5
730;3;110_3;45 à 54 ans;Femme;Certificat (études universitaires de 1er cycle, 30 crédits);;10 ans et plus;;;;;;;;6;6;6;6;6;5;6;6;6;5;5;5;5;5
732;3;112_3;25 à 34 ans;Femme;Baccalauréat (études universitaires de 1er cycle);;1 à 5 ans;;;;;;;;6;6;6;5;6;6;6;6;5;5;6;5;5;5
740;3;120_3;18 à 24 ans;Femme;D.E.C. (études collégiales);;Moins de 1 an;;;;;;;;7;7;7;7;7;6;6;5;6;6;6;5;6;5
744;3;124_3;55 ans et plus;Femme;Baccalauréat (études universitaires de 1er cycle);;Plus de 5 ans à moins de 10 ans;;;;;;;;6;6;7;6;6;6;6;6;7;6;6;6;6;5
750;3;130_3;45 à 54 ans;Femme;Maîtrise (études universitaires de 2e cycle);;Plus de 5 ans à moins de 10 ans;;;;;;;;6;6;6;6;6;6;6;6;6;5;5;5;5;5
760;3;140_3;25 à 34 ans;Homme;Baccalauréat (études universitaires de 1er cycle);;1 à 5 ans;;;;;;;;5;6;6;6;6;7;5;6;7;6;6;4;5;5
762;3;142_3;25 à 34 ans;Femme;Baccalauréat (études universitaires de 1er cycle);;Moins de 1 an;;;;;;;;5;4;6;5;4;5;4;4;5;5;4;4;6;5
768;4;6_4;3;1;2;;;;;;;;;;5;4;5;4;5;5;5;5;5;5;5;5;5;5
770;4;8_4;3;2;2;;;;;;;;;;6;6;6;6;5;6;5;5;5;5;5;4;5;5
790;4;28_4;3;1;3;;;;;;;;;;5;5;4;4;4;5;5;4;6;5;6;4;5;5
802;4;40_4;2;1;2;;;;;;;;;;4;4;5;4;4;5;5;4;5;4;4;4;5;5
810;4;48_4;1;1;3;;;;;;;;;;7;6;7;5;7;4;6;6;7;6;6;6;5;5
812;4;50_4;3;1;2;;;;;;;;;;4;2;5;5;2;5;5;4;5;4;4;2;6;5
822;4;60_4;2;1;4;;;;;;;;;;5;5;5;5;5;5;5;5;5;5;5;4;5;5
828;4;66_4;2;1;2;;;;;;;;;;5;5;5;4;5;5;5;5;5;5;5;4;5;5
830;4;68_4;2;1;2;;;;;;;;;;6;5;6;5;6;5;6;6;5;5;6;5;5;5
838;4;76_4;2;1;3;;;;;;;;;;5;5;5;3;5;4;5;5;5;5;5;5;5;5
840;4;78_4;2;1;2;;;;;;;;;;6;5;6;5;5;5;5;5;6;6;5;5;6;5
848;4;86_4;2;1;2;;;;;;;;;;5;5;5;4;5;4;5;5;5;5;5;5;5;5
852;4;90_4;1;1;2;;;;;;;;;;5;5;5;5;5;5;5;5;5;5;5;5;5;5
854;4;92_4;1;1;4;;;;;;;;;;6;6;6;5;6;5;6;6;6;6;6;5;6;5
862;4;100_4;1;1;3;;;;;;;;;;5;4;5;4;4;5;5;5;6;5;5;4;5;5
866;4;104_4;2;1;2;;;;;;;;;;5;5;6;4;5;6;5;5;6;6;6;5;6;5
870;4;108_4;3;2;4;;;;;;;;;;5;5;6;6;6;6;7;7;7;5;6;5;6;5
884;4;122_4;3;1;2;;;;;;;;;;5;4;4;5;3;6;5;5;4;4;4;5;3;5
886;4;124_4;2;1;3;;;;;;;;;;6;6;6;6;6;6;5;6;6;6;6;5;6;5
888;5;1_5;22;1;2;;;;;;;;;;6;5;6;5;5;5;5;5;5;5;6;3;5;5
896;5;9_5;26;1;3;;;;;;;;;;5;5;6;4;4;6;5;5;4;5;5;5;5;5
898;5;11_5;22;1;2;;;;;;;;;;5;4;5;4;4;4;5;5;5;5;5;5;5;5
900;5;13_5;26;1;2;;;;;;;;;;5;4;4;5;4;4;4;4;4;5;5;4;4;5
908;5;21_5;21;1;2;;;;;;;;;;6;4;5;5;5;6;5;5;6;6;5;4;4;5
910;5;23_5;23;1;2;;;;;;;;;;5;5;5;5;5;5;6;6;4;4;5;5;4;5
912;5;25_5;22;1;2;;;;;;;;;;6;5;6;6;5;5;4;5;5;5;5;5;5;5
918;5;31_5;29;1;4;;;;;;;;;;5;6;6;5;5;7;6;6;7;7;5;5;7;5
932;5;45_5;24;2;2;;;;;;;;;;5;5;6;5;4;5;6;6;5;4;5;6;5;5
936;5;49_5;23;1;2;;;;;;;;;;5;4;5;5;4;5;5;6;5;5;5;5;5;5
938;5;51_5;22;1;2;;;;;;;;;;4;4;4;4;4;5;4;4;4;4;5;4;4;5
942;5;55_5;22;1;2;;;;;;;;;;6;5;5;5;5;5;7;7;6;5;5;5;5;5
948;5;61_5;23;1;2;;;;;;;;;;5;4;4;4;4;5;5;4;5;5;5;5;5;5
960;5;73_5;27;1;2;;;;;;;;;;5;5;5;6;6;6;5;5;6;6;6;6;5;5
962;5;75_5;23;1;2;;;;;;;;;;4;5;5;5;4;5;4;4;5;5;5;4;4;5
964;5;77_5;23;1;2;;;;;;;;;;5;5;6;5;4;5;7;7;5;5;5;4;5;5
970;5;83_5;22;1;2;;;;;;;;;;6;5;6;6;5;6;6;6;5;5;6;5;5;5
974;5;87_5;22;1;2;;;;;;;;;;5;5;5;5;5;5;5;5;5;4;5;5;5;5
976;5;89_5;36;1;4;;;;;;;;;;5;4;5;4;4;3;4;4;4;5;5;3;4;5
1002;6;26_6;20;1;7;;;;;1;1;1;2;1;5;4;3;4;2;4;5;4;2;4;3;5;3;5
1012;6;36_6;29;1;7;;;;;1;1;1;1;2;4;5;5;5;4;6;2;6;4;5;5;4;5;5
1022;6;46_6;22;2;6;;;;;1;1;2;;1;5;5;6;7;6;6;7;7;6;6;6;4;6;5
1040;6;64_6;23;2;7;;;;;1;1;1;2;1;5;5;5;5;5;6;5;4;5;4;5;4;5;5
1042;6;66_6;19;2;5;;;;;1;1;1;2;1;5;4;6;5;4;7;2;4;6;5;5;3;6;5
1044;6;68_6;21;1;6;;;;;1;1;1;2;1;5;4;4;5;5;5;5;5;5;5;4;5;5;5
1054;6;78_6;23;2;8;;;;;2;1;1;;1;2;5;5;5;4;6;5;6;4;5;4;3;5;5
1062;6;86_6;22;1;5;;;;;2;6;2;2;1;5;4;4;4;4;4;2;5;5;5;4;4;5;5
1064;6;88_6;;2;5;;;;;1;1;2;;1;5;2;2;3;2;6;5;4;4;4;4;4;5;5
1070;6;94_6;19;1;5;;;;;1;1;2;4;1;5;5;4;4;5;5;5;6;5;5;5;6;5;5
1088;6;112_6;;2;5;;;;;1;1;1;2;1;6;6;7;7;7;7;5;5;5;6;6;4;5;5
1094;6;118_6;20;1;5;;;;;1;1;1;3;1;6;5;6;6;4;6;1;4;5;6;5;2;5;5
1096;6;120_6;20;2;6;;;;;1;1;1;2;1;6;7;6;6;5;6;4;5;6;6;5;4;6;5
1110;6;134_6;21;1;6;;;;;1;1;1;2;1;6;5;5;6;6;5;4;5;5;5;6;4;5;5
1116;6;140_6;20;2;8;;;;;1;1;1;;1;5;3;5;5;3;6;5;3;2;3;2;5;5;5
1128;6;152_6;22;1;7;;;;;1;1;1;2;1;5;5;6;7;7;7;7;6;5;6;5;5;5;5
1134;6;158_6;20;1;5;;;;;1;1;1;;1;5;5;5;5;5;5;5;4;5;5;5;5;5;5
1150;6;174_6;;2;8;;;;;1;1;1;2;1;5;5;7;5;5;6;6;6;6;6;6;5;5;5
1152;6;176_6;27;2;8;;;;;2;1;1;1;2;6;5;5;5;5;4;3;6;4;4;4;4;4;5
1154;6;178_6;18;1;3;;;;;1;1;2;;1;4;5;5;4;4;4;5;6;3;4;5;4;5;5
1162;6;186_6;20;1;6;;;;;1;1;2;1;1;6;4;6;4;4;5;1;5;6;5;5;3;5;5
1178;6;202_6;20;2;6;;;;;1;1;2;3;1;5;5;6;6;4;6;5;4;6;5;6;6;6;5
1180;6;204_6;18;2;8;;;;;1;1;1;2;1;6;6;6;6;5;6;6;6;6;5;5;4;5;5
1182;6;206_6;36;2;6;;;;;2;3;1;1;2;6;6;6;6;6;6;5;6;5;6;5;5;6;5
1190;6;214_6;25;1;8;;;;;1;1;1;2;1;5;4;6;5;4;6;1;4;5;5;5;2;5;5
1210;6;234_6;19;2;5;;;;;1;1;;2;1;6;6;6;6;5;6;6;6;6;6;6;3;6;5
1218;6;242_6;19;1;8;;;;;1;1;1;2;1;6;5;6;6;2;5;4;4;4;4;4;3;5;5
1220;6;244_6;23;1;6;;;;;1;1;1;2;1;6;5;5;6;7;6;3;6;7;5;6;4;6;5
1222;6;246_6;19;1;8;;;;;1;1;2;2;1;5;3;5;4;4;4;4;5;4;5;5;3;4;5
1226;6;250_6;29;1;2;;;;;1;1;1;2;1;4;4;4;5;4;5;3;5;5;4;5;4;4;5
1228;6;252_6;23;1;7;;;;;1;1;1;2;1;5;5;6;6;3;5;2;5;4;5;5;5;6;5
1232;6;256_6;18;1;5;;;;;1;1;1;2;1;4;1;1;1;3;1;1;5;4;4;4;1;4;5
1240;6;264_6;21;2;8;;;;;1;1;2;;1;4;5;5;5;5;5;5;5;5;5;5;3;5;5
1242;6;266_6;25;2;5;;;;;1;1;2;2;1;5;5;6;5;6;6;4;5;5;5;5;5;5;5
1244;6;268_6;19;2;6;;;;;1;1;1;2;1;6;6;6;6;5;5;5;5;5;6;6;5;6;5
1246;6;270_6;22;2;8;;;;;1;1;2;1;2;5;7;6;6;5;5;3;5;6;5;5;4;6;5
1248;6;272_6;19;1;5;;;;;1;1;1;2;1;5;4;5;4;4;5;4;5;4;4;5;3;4;5
1250;6;274_6;20;1;5;;;;;1;1;1;2;1;6;4;5;6;5;4;2;4;5;5;5;5;6;5
1254;6;278_6;22;1;7;;;;;1;1;2;2;1;6;4;5;5;2;6;4;6;2;2;5;2;3;5
1260;6;284_6;23;1;7;;;;;1;1;2;;1;5;3;3;5;4;4;2;2;5;4;5;2;5;5
1262;6;286_6;24;1;8;;;;;1;1;1;2;1;3;5;6;6;5;5;5;5;6;6;6;4;6;5
1272;6;296_6;20;2;8;;;;;2;1;1;2;1;5;4;5;5;5;5;6;4;6;6;6;4;5;5
1276;6;300_6;21;1;5;;;;;1;1;1;2;3;6;5;5;5;5;5;6;5;6;5;6;4;5;5
1278;6;302_6;33;2;9;;;;;2;4;1;3;2;6;5;4;5;5;6;5;4;5;5;5;3;4;5
1280;6;304_6;22;1;7;;;;;2;1;1;2;1;4;4;4;5;4;5;2;5;4;5;5;4;5;5
1288;6;312_6;;2;8;;;;;1;1;1;2;1;5;4;5;6;5;6;6;5;5;5;5;5;5;5
1298;6;322_6;19;2;5;;;;;1;1;1;2;1;6;5;5;5;4;5;4;4;5;5;5;4;5;5
1304;6;328_6;19;2;5;;;;;1;1;1;2;1;5;5;5;5;4;5;5;5;5;5;5;5;5;5
1310;6;334_6;23;1;6;;;;;1;1;1;2;1;6;6;6;6;5;6;6;6;5;6;5;5;6;5
1314;6;338_6;20;2;5;;;;;1;1;1;2;1;6;5;6;6;5;7;5;7;5;5;6;5;5;5
1326;6;350_6;24;2;6;;;;;1;2;2;4;1;5;5;5;5;5;5;5;5;5;5;5;5;5;5
1332;6;356_6;21;1;8;;;;;1;1;1;2;1;6;4;5;4;4;5;3;3;5;5;4;4;4;5
1336;6;360_6;23;1;6;;;;;2;1;1;2;1;5;6;6;6;4;5;5;5;6;5;5;6;6;5
1340;6;364_6;;1;5;;;;;1;1;2;2;1;5;5;6;4;5;5;5;6;5;5;5;3;4;5
1344;6;368_6;;2;6;;;;;1;1;2;2;1;5;5;7;5;5;7;6;6;6;5;6;5;6;5
1346;6;370_6;19;2;5;;;;;1;1;2;4;1;4;4;4;5;3;5;3;4;6;5;5;2;3;5
1362;6;386_6;21;2;8;;;;;1;1;1;2;1;4;6;6;6;5;7;6;3;4;6;6;1;4;5
1366;6;390_6;38;2;5;;;;;1;1;1;1;2;5;6;7;6;5;6;6;6;7;6;5;4;5;5
1368;6;392_6;20;2;5;;;;;1;1;1;2;1;5;4;5;5;5;7;7;6;7;7;7;5;6;5
1370;6;394_6;22;1;5;;;;;1;1;2;2;1;5;4;4;4;4;4;2;4;3;4;5;1;3;5
1384;6;408_6;19;2;8;;;;;1;1;1;2;1;6;5;6;4;6;5;2;5;6;5;5;5;5;5
1390;6;414_6;25;2;6;;;;;2;1;1;1;2;2;2;5;4;2;6;4;4;5;5;5;2;5;5
1392;6;416_6;20;2;6;;;;;1;1;1;2;1;6;6;6;6;5;6;6;6;5;5;6;6;5;5
1402;6;426_6;20;1;5;;;;;2;1;1;2;1;5;5;5;5;6;6;5;5;5;4;5;4;5;5
1414;6;438_6;26;2;3;;;;;1;1;1;2;1;5;4;4;4;4;4;3;3;4;5;5;3;4;5
1420;6;444_6;35;1;6;;;;;2;2;1;1;2;5;4;5;6;4;5;5;5;4;4;5;5;4;5
1424;6;448_6;24;1;6;;;;;2;1;2;1;1;7;4;5;5;4;4;5;3;7;7;6;2;5;5
1428;6;452_6;21;1;5;;;;;1;1;1;2;1;7;6;7;6;6;6;2;4;6;6;6;4;5;5
1430;6;454_6;27;2;7;;;;;2;1;2;1;1;4;6;6;6;6;6;7;7;6;7;6;5;7;5
1434;6;458_6;;2;5;;;;;1;1;1;2;1;7;7;7;7;5;7;4;6;5;6;6;5;6;5
1436;6;460_6;20;2;5;;;;;1;1;1;2;1;6;7;7;4;5;7;7;7;7;4;5;3;6;5
1438;6;462_6;21;1;6;;;;;1;1;2;2;1;5;5;5;4;6;5;5;5;6;6;5;4;6;5
1440;6;464_6;22;2;8;;;;;1;1;1;2;1;5;5;6;6;4;5;5;5;5;5;5;3;4;5
1446;6;470_6;24;2;7;;;;;1;1;1;2;1;5;5;6;6;5;6;6;6;6;6;6;5;5;5
1452;6;476_6;;2;5;;;;;1;1;2;2;1;5;6;6;7;5;6;6;6;4;5;6;3;4;5
1454;6;478_6;;1;8;;;;;1;1;1;2;1;5;3;4;6;4;7;3;6;6;4;4;3;5;5
1456;6;480_6;35;2;6;;;;;2;3;1;3;2;5;5;5;5;5;5;5;5;5;5;5;5;5;5
1466;6;490_6;22;1;5;;;;;1;1;2;;1;5;4;5;5;4;5;4;5;3;4;5;4;5;5
1494;6;518_6;20;1;5;;;;;1;1;2;2;1;5;;4;5;5;7;2;5;4;5;5;5;5;5
1502;6;526_6;20;2;6;;;;;1;1;2;;1;5;5;6;6;5;6;3;4;6;6;5;5;5;5
1508;6;532_6;27;1;8;;;;;1;1;1;1;1;5;4;4;6;4;4;2;3;5;6;6;4;4;5
1512;6;536_6;22;1;5;;;;;2;2;2;2;1;6;5;6;5;5;6;6;6;6;6;4;4;5;5
1514;6;538_6;20;2;6;;;;;1;1;2;;1;7;7;7;7;6;6;7;7;7;7;7;5;6;5
1526;6;550_6;24;2;5;;;;;2;1;2;2;1;6;5;6;6;6;7;4;5;6;6;5;4;5;5
1532;6;556_6;21;2;5;;;;;1;1;1;2;1;6;5;5;6;6;6;4;6;6;6;6;4;6;5
12;1;12_1;2;1;4;1;39;;;;;;;;6;4;6;7;6;5;5;5;6;6;6;4;6;6
22;1;22_1;3;1;3;1;5;;;;;;;;6;6;6;5;6;6;6;6;6;6;6;5;5;6
32;1;32_1;2;1;3;1;4;;;;;;;;6;6;7;4;6;3;6;6;6;6;6;4;6;6
36;1;36_1;4;2;3;1;6;;;;;;;;5;7;6;6;6;7;5;6;6;7;7;5;7;6
40;1;40_1;2;1;3;1;10.5;;;;;;;;5;5;6;3;5;5;5;5;6;6;6;5;6;6
42;1;42_1;2;1;4;1;15;;;;;;;;4;3;7;3;2;5;3;4;7;3;7;3;7;6
46;1;46_1;1;1;4;1;1.7;;;;;;;;6;6;6;6;6;6;6;5;5;5;5;6;6;6
58;1;58_1;2;2;4;1;3;;;;;;;;6;6;6;6;6;6;6;6;6;6;6;6;6;6
62;1;62_1;4;1;3;1;2;;;;;;;;5;6;6;6;6;6;5;6;6;6;6;5;6;6
68;1;68_1;3;2;4;1;6;;;;;;;;6;6;6;6;6;6;6;6;6;6;6;6;6;6
72;1;72_1;3;1;4;1;0.75;;;;;;;;6;6;7;5;7;7;7;7;6;6;6;5;6;6
80;1;80_1;2;1;4;1;12;;;;;;;;7;6;6;5;6;6;6;6;6;6;6;6;6;6
100;1;100_1;1;2;3;1;1;;;;;;;;7;7;7;7;4;7;5;6;6;6;7;5;6;6
102;1;102_1;3;1;3;1;30;;;;;;;;6;7;7;6;7;5;6;6;7;7;7;6;7;6
104;1;104_1;2;1;3;1;6;;;;;;;;6;6;6;6;5;4;6;6;5;6;6;4;5;6
106;1;106_1;2;1;4;1;1.5;;;;;;;;6;6;6;6;6;6;6;6;6;6;6;6;6;6
112;1;112_1;2;1;3;1;25;;;;;;;;6;4;6;4;4;6;3;4;6;6;6;3;6;6
140;1;140_1;3;1;4;4;;;;;;;;;5;5;5;5;3;5;4;4;5;4;4;5;5;6
148;1;148_1;3;1;4;1;9;;;;;;;;6;6;6;6;6;6;6;6;7;7;6;5;6;6
152;1;152_1;1;1;3;1;4;;;;;;;;6;7;7;7;6;6;7;7;6;6;7;4;6;6
172;1;172_1;2;1;4;1;85;;;;;;;;6;6;7;6;5;5;6;5;6;5;6;6;6;6
174;1;174_1;2;2;3;1;10;;;;;;;;5;5;5;5;5;5;6;6;7;6;5;5;5;6
176;1;176_1;2;1;3;1;6;;;;;;;;5;6;6;6;6;6;5;5;6;6;6;4;6;6
180;1;180_1;3;1;3;1;11;;;;;;;;5;5;6;5;4;6;4;5;5;5;6;4;5;6
184;1;184_1;2;1;3;1;3;;;;;;;;5;7;;5;4;7;6;6;6;6;6;6;6;6
186;1;186_1;2;1;4;1;2.5;;;;;;;;6;5;6;5;6;5;6;5;6;6;6;6;6;6
190;1;190_1;2;1;4;1;35;;;;;;;;7;7;7;7;7;7;6;6;6;6;6;6;6;6
206;1;206_1;2;1;3;1;4;;;;;;;;6;5;6;5;5;5;6;4;5;5;5;6;6;6
208;1;208_1;3;1;4;1;2;;;;;;;;5;5;7;6;5;6;5;5;6;6;6;5;6;6
220;1;220_1;1;1;3;1;0.75;;;;;;;;6;6;6;4;3;5;5;6;5;5;5;4;6;6
226;1;226_1;2;1;3;1;11.5;;;;;;;;6;6;6;6;6;6;6;6;6;6;6;6;6;6
228;1;228_1;3;1;3;1;28;;;;;;;;5;6;7;5;6;6;6;5;6;6;6;6;6;6
250;1;250_1;2;1;3;1;10;;;;;;;;6;6;6;5;6;6;6;6;6;6;6;6;6;6
252;1;252_1;2;1;4;1;1;;;;;;;;5;6;6;6;5;4;4;5;6;5;5;4;5;6
254;1;254_1;2;2;4;1;4;;;;;;;;6;6;7;7;5;6;7;6;6;7;7;5;6;6
258;1;258_1;2;1;2;1;9;;;;;;;;6;7;7;7;5;6;6;6;7;6;6;6;6;6
268;1;268_1;3;2;4;1;24;;;;;;;;5;4;6;5;6;6;5;6;6;7;6;5;6;6
272;1;272_1;2;2;4;1;2;;;;;;;;5;6;7;6;7;7;4;2;7;6;6;4;7;6
276;1;276_1;2;2;3;1;1;;;;;;;;7;5;6;4;5;5;5;6;6;5;7;4;6;6
280;1;280_1;3;1;3;1;7;;;;;;;;6;5;6;6;7;6;7;6;6;6;6;5;6;6
284;1;284_1;2;2;3;1;7;;;;;;;;6;6;6;6;6;6;6;6;5;;6;6;6;6
286;1;286_1;1;1;4;1;3;;;;;;;;6;6;6;6;7;6;6;6;7;6;6;5;7;6
288;1;288_1;3;2;3;3;23;;;;;;;;6;5;6;5;5;6;6;7;6;6;6;5;6;6
296;1;296_1;2;1;3;1;1;;;;;;;;5;6;6;6;6;6;5;7;5;4;6;4;5;6
302;1;302_1;2;1;4;1;25;;;;;;;;6;6;6;6;5;6;6;6;6;5;6;6;6;6
322;1;322_1;2;1;4;1;11;;;;;;;;6;6;6;6;5;6;6;6;6;6;6;5;6;6
324;1;324_1;1;1;4;1;7;;;;;;;;6;6;6;5;6;5;6;6;6;6;6;5;6;6
336;1;336_1;3;1;4;1;16;;;;;;;;6;6;7;5;6;4;6;6;5;6;6;5;6;6
344;1;344_1;3;1;3;1;3;;;;;;;;3;6;6;6;6;6;6;6;5;5;6;3;5;6
348;1;348_1;2;1;5;1;6;;;;;;;;6;6;6;5;6;6;6;6;6;6;6;5;6;6
350;1;350_1;2;2;4;1;5;;;;;;;;4;6;7;5;6;6;4;3;7;5;4;5;6;6
356;1;356_1;2;1;3;1;6;;;;;;;;6;5;6;4;5;5;5;5;6;5;6;4;6;6
360;1;360_1;2;2;4;1;3;;;;;;;;5;7;7;6;6;7;7;7;7;7;7;4;6;6
362;1;362_1;3;1;3;1;4;;;;;;;;5;5;6;6;4;4;5;5;6;6;6;4;6;6
368;1;368_1;2;1;3;1;6;;;;;;;;6;5;6;5;6;5;6;6;6;6;6;5;5;6
388;1;388_1;2;2;3;1;9;;;;;;;;5;6;6;6;6;3;6;6;6;7;6;5;6;6
390;1;390_1;3;1;3;1;1;;;;;;;;6;6;6;6;5;7;6;5;7;6;6;4;6;6
392;1;392_1;2;2;3;1;5;;;;;;;;7;6;6;6;6;6;6;6;6;6;6;5;6;6
404;1;404_1;2;1;4;1;18;;;;;;;;5;7;7;5;7;6;5;5;6;5;6;4;6;6
410;1;410_1;2;1;3;1;2;;;;;;;;6;6;6;6;5;5;6;6;6;6;5;5;6;6
412;1;412_1;3;1;2;1;3;;;;;;;;7;6;7;7;6;7;7;7;7;6;7;6;7;6
426;1;426_1;2;1;3;1;25;;;;;;;;6;6;6;6;6;6;6;6;5;6;6;5;5;6
442;1;442_1;2;1;4;3;12;;;;;;;;1;7;7;1;7;5;1;1;7;5;5;1;6;6
444;1;444_1;2;2;3;1;9;;;;;;;;7;7;7;6;7;7;6;6;7;7;6;6;7;6
448;1;448_1;3;1;3;1;18;;;;;;;;6;7;7;6;4;5;6;6;7;6;6;3;6;6
452;1;452_1;2;1;3;2;0.17;;;;;;;;6;6;6;6;5;7;6;5;6;5;6;6;6;6
454;1;454_1;2;2;3;1;5;;;;;;;;6;5;6;6;6;7;5;6;6;6;6;5;6;6
458;1;458_1;2;1;4;1;25;;;;;;;;6;6;6;6;6;5;6;5;6;6;6;6;6;6
476;1;476_1;1;2;4;1;8;;;;;;;;3;6;7;6;6;6;4;4;4;5;6;4;5;6
478;1;478_1;2;1;3;1;2.5;;;;;;;;6;6;6;6;6;6;6;6;6;6;6;5;6;6
486;1;486_1;2;1;3;1;2;;;;;;;;7;7;7;5;5;7;6;6;7;7;6;4;5;6
502;1;502_1;2;1;4;1;3;;;;;;;;6;6;6;5;4;6;6;5;6;6;6;6;6;6
506;1;506_1;3;1;5;1;20;;;;;;;;6;6;6;6;5;6;6;6;6;6;6;5;6;6
510;1;510_1;3;1;3;1;3;;;;;;;;5;6;6;6;6;5;7;7;6;6;6;4;5;6
518;1;518_1;2;1;3;1;3;;;;;;;;6;5;7;7;7;4;7;5;7;6;6;7;7;6
520;1;520_1;3;1;3;1;22;;;;;;;;5;6;6;6;6;5;7;6;6;6;7;5;6;6
524;1;524_1;2;1;4;1;4;;;;;;;;5;5;5;5;5;5;5;4;6;6;6;5;6;6
540;1;540_1;3;1;3;1;11;;;;;;;;7;6;6;6;6;6;6;6;6;6;6;6;6;6
558;2;16_2;25;2;;;;1;7;;;;;;6;5;6;5;6;6;5;6;6;6;6;6;6;6
596;2;54_2;56;2;;;;34;4;;;;;;4;6;6;5;4;7;4;6;6;5;5;4;5;6
602;2;60_2;43;2;;;;15;6;;;;;;6;5;7;5;7;6;7;6;7;6;6;5;6;6
604;2;62_2;40;1;;;;13;3;;;;;;5;5;5;6;6;4;4;6;6;5;6;5;5;6
624;3;4_3;35 à 44 ans;Femme;D.E.S, D.E.P., A.E.P. (études secondaires);;Plus de 5 ans à moins de 10 ans;;;;;;;;6;6;6;6;6;6;7;7;7;7;7;7;7;6
626;3;6_3;55 ans et plus;Femme;D.E.S, D.E.P., A.E.P. (études secondaires);;10 ans et plus;;;;;;;;7;;6;7;6;7;7;7;7;7;7;7;7;6
632;3;12_3;55 ans et plus;Femme;D.E.S, D.E.P., A.E.P. (études secondaires);;10 ans et plus;;;;;;;;6;7;5;5;4;5;7;7;6;7;6;4;5;6
634;3;14_3;25 à 34 ans;Femme;Baccalauréat (études universitaires de 1er cycle);;1 à 5 ans;;;;;;;;3;5;6;6;3;5;3;5;6;6;6;3;6;6
642;3;22_3;45 à 54 ans;Femme;Baccalauréat (études universitaires de 1er cycle);;1 à 5 ans;;;;;;;;7;7;7;6;6;6;7;6;6;6;6;6;6;6
644;3;24_3;18 à 24 ans;Femme;D.E.C. (études collégiales);;1 à 5 ans;;;;;;;;6;5;5;6;5;6;5;6;5;4;4;3;4;6
648;3;28_3;45 à 54 ans;Femme;D.E.S, D.E.P., A.E.P. (études secondaires);;Moins de 1 an;;;;;;;;6;6;6;6;6;6;6;6;6;6;6;6;6;6
660;3;40_3;;Femme;D.E.C. (études collégiales);;10 ans et plus;;;;;;;;6;7;7;6;5;6;6;5;6;6;6;5;6;6
662;3;42_3;55 ans et plus;Femme;D.E.C. (études collégiales);;1 à 5 ans;;;;;;;;7;7;7;6;5;6;6;6;6;6;6;6;6;6
666;3;46_3;55 ans et plus;Femme;D.E.C. (études collégiales);;10 ans et plus;;;;;;;;6;6;6;6;6;6;6;6;5;5;6;6;6;6
672;3;52_3;25 à 34 ans;Femme;Maîtrise (études universitaires de 2e cycle);;Moins de 1 an;;;;;;;;5;4;6;4;7;5;6;7;6;6;7;4;5;6
676;3;56_3;25 à 34 ans;Femme;Maîtrise (études universitaires de 2e cycle);;Moins de 1 an;;;;;;;;6;6;7;6;6;7;6;6;5;5;6;4;6;6
678;3;58_3;45 à 54 ans;Femme;Aucun Diplôme;;Moins de 1 an;;;;;;;;7;7;6;5;5;6;6;6;6;6;6;5;6;6
682;3;62_3;55 ans et plus;Femme;D.E.C. (études collégiales);;10 ans et plus;;;;;;;;6;7;7;7;6;7;6;6;7;7;6;6;7;6
684;3;64_3;18 à 24 ans;Femme;Baccalauréat (études universitaires de 1er cycle);;1 à 5 ans;;;;;;;;5;6;7;5;6;6;6;5;6;7;7;6;6;6
686;3;66_3;35 à 44 ans;Femme;D.E.S, D.E.P., A.E.P. (études secondaires);;Plus de 5 ans à moins de 10 ans;;;;;;;;6;5;6;6;5;6;7;7;6;6;6;5;6;6
700;3;80_3;25 à 34 ans;Femme;Certificat (études universitaires de 1er cycle, 30 crédits);;1 à 5 ans;;;;;;;;6;7;6;6;6;6;6;6;6;7;7;6;7;6
710;3;90_3;25 à 34 ans;Femme;Baccalauréat (études universitaires de 1er cycle);;10 ans et plus;;;;;;;;7;6;6;3;7;6;7;7;7;7;6;3;7;6
716;3;96_3;25 à 34 ans;Homme;Certificat (études universitaires de 1er cycle, 30 crédits);;Moins de 1 an;;;;;;;;6;7;7;7;6;7;6;6;6;6;6;5;6;6
728;3;108_3;25 à 34 ans;Femme;D.E.C. (études collégiales);;Plus de 5 ans à moins de 10 ans;;;;;;;;7;6;6;6;6;6;7;7;6;6;6;7;6;6
736;3;116_3;45 à 54 ans;Homme;Maîtrise (études universitaires de 2e cycle);;Plus de 5 ans à moins de 10 ans;;;;;;;;6;4;5;5;6;6;7;6;6;2;5;5;6;6
756;3;136_3;25 à 34 ans;Homme;Baccalauréat (études universitaires de 1er cycle);;1 à 5 ans;;;;;;;;5;6;6;6;4;7;7;6;6;6;6;5;6;6
758;3;138_3;25 à 34 ans;Femme;Maîtrise (études universitaires de 2e cycle);;1 à 5 ans;;;;;;;;6;6;6;6;6;6;5;5;6;6;6;6;6;6
764;4;2_4;3;1;3;;;;;;;;;;6;6;6;6;6;6;6;6;6;6;6;5;6;6
772;4;10_4;3;2;4;;;;;;;;;;6;6;6;6;6;6;6;6;6;6;6;5;6;6
774;4;12_4;2;1;3;;;;;;;;;;6;6;6;6;6;5;6;6;6;6;6;4;6;6
778;4;16_4;3;1;3;;;;;;;;;;5;6;6;5;5;5;5;5;6;5;5;6;5;6
780;4;18_4;1;1;3;;;;;;;;;;5;6;6;5;6;6;6;6;6;5;5;5;6;6
788;4;26_4;2;2;4;;;;;;;;;;3;5;5;4;4;4;4;4;7;6;5;3;7;6
794;4;32_4;2;1;3;;;;;;;;;;6;5;6;5;7;6;6;5;5;5;7;5;5;6
798;4;36_4;3;;3;;;;;;;;;;6;5;5;5;4;5;5;5;5;5;5;4;5;6
806;4;44_4;3;1;2;;;;;;;;;;6;6;5;5;6;5;6;6;6;6;6;5;6;6
816;4;54_4;3;2;3;;;;;;;;;;5;6;6;6;6;7;6;6;7;6;6;5;6;6
826;4;64_4;2;1;4;;;;;;;;;;7;6;6;6;7;6;7;6;7;7;6;6;6;6
832;4;70_4;4;1;2;;;;;;;;;;6;5;6;5;5;5;5;5;6;6;5;6;6;6
834;4;72_4;3;1;4;;;;;;;;;;7;6;6;6;6;5;6;6;6;6;5;6;6;6
842;4;80_4;2;1;2;;;;;;;;;;5;6;6;4;6;7;6;5;6;6;6;4;6;6
844;4;82_4;2;1;3;;;;;;;;;;4;5;6;4;4;3;3;2;6;5;6;4;5;6
846;4;84_4;3;2;3;;;;;;;;;;6;6;7;5;5;5;5;6;6;6;6;4;6;6
850;4;88_4;1;1;4;;;;;;;;;;5;5;6;6;5;5;5;6;6;6;5;4;6;6
856;4;94_4;1;1;2;;;;;;;;;;7;6;5;4;4;5;6;6;5;4;5;4;5;6
872;4;110_4;3;1;4;;;;;;;;;;6;6;6;6;6;6;7;7;6;6;7;6;6;6
876;4;114_4;2;1;3;;;;;;;;;;6;6;6;6;6;6;5;5;7;7;6;5;5;6
890;5;3_5;22;1;2;;;;;;;;;;6;6;6;5;6;5;6;6;6;6;6;6;6;6
914;5;27_5;22;1;2;;;;;;;;;;5;5;5;5;6;7;7;5;6;6;6;6;6;6
920;5;33_5;26;1;4;;;;;;;;;;5;4;5;5;5;5;5;5;5;5;6;4;5;6
946;5;59_5;21;1;2;;;;;;;;;;6;5;7;6;6;6;6;6;6;6;6;5;6;6
950;5;63_5;22;1;2;;;;;;;;;;6;5;6;6;5;6;6;6;6;6;6;6;6;6
968;5;81_5;23;1;2;;;;;;;;;;5;6;6;6;5;5;6;6;6;6;6;6;6;6
988;6;12_6;;1;8;;;;;1;1;1;2;1;2;6;6;6;4;6;5;6;6;6;5;6;6;6
992;6;16_6;19;2;5;;;;;1;1;2;2;1;6;5;6;6;5;7;7;5;5;5;5;6;6;6
996;6;20_6;21;2;5;;;;;1;1;1;2;2;5;5;6;6;5;6;2;6;7;7;6;5;6;6
1000;6;24_6;22;2;9;;;;;1;1;2;;1;6;4;4;5;6;6;6;6;4;4;5;6;5;6
1008;6;32_6;22;2;6;;;;;1;1;2;2;1;7;6;6;6;6;7;7;7;6;6;6;6;6;6
1014;6;38_6;28;2;7;;;;;1;1;1;2;1;4;4;4;4;4;4;6;6;4;4;6;4;4;6
1018;6;42_6;19;2;5;;;;;1;1;1;1;2;6;5;5;5;6;6;6;6;6;6;6;6;6;6
1032;6;56_6;21;2;6;;;;;1;1;1;2;1;4;4;4;5;5;6;6;5;5;4;6;4;4;6
1066;6;90_6;27;1;8;;;;;1;1;2;2;1;6;6;6;6;6;6;3;5;5;5;5;4;5;6
1068;6;92_6;20;2;5;;;;;1;1;2;3;1;3;3;;4;5;6;5;4;5;4;6;4;6;6
1074;6;98_6;23;1;4;;;;;1;1;2;;1;7;5;5;6;5;6;4;5;7;7;6;4;6;6
1084;6;108_6;24;2;6;;;;;2;1;1;3;1;6;4;5;5;5;5;7;6;4;4;6;4;5;6
1090;6;114_6;20;2;6;;;;;1;1;1;2;1;5;5;5;5;5;6;6;6;6;5;6;4;5;6
1092;6;116_6;26;2;7;;;;;1;1;1;1;2;6;6;6;5;6;6;5;4;7;7;7;5;7;6
1102;6;126_6;20;2;5;;;;;1;1;1;2;1;6;5;5;5;5;6;5;5;5;6;6;5;6;6
1106;6;130_6;;1;6;;;;;1;1;1;2;1;5;6;6;6;4;7;4;5;6;5;5;4;6;6
1108;6;132_6;21;2;5;;;;;1;1;1;2;1;6;6;6;6;5;6;6;6;5;5;5;6;6;6
1112;6;136_6;21;2;6;;;;;1;1;1;2;1;6;6;7;6;5;6;4;6;4;6;6;4;5;6
1122;6;146_6;20;1;5;;;;;1;1;1;3;1;5;5;5;5;6;7;1;7;6;6;5;4;5;6
1126;6;150_6;22;2;7;;;;;1;1;1;1;2;7;7;7;7;5;7;7;7;7;7;7;6;7;6
1130;6;154_6;21;1;9;;;;;1;1;1;3;1;4;3;4;3;2;6;4;4;4;6;7;4;4;6
1132;6;156_6;28;2;7;;;;;1;1;1;1;2;6;6;6;6;6;5;5;6;6;5;6;6;6;6
1138;6;162_6;22;1;8;;;;;1;1;1;;1;6;6;6;6;4;5;6;4;5;5;6;5;6;6
1142;6;166_6;;2;7;;;;;1;1;;;1;6;5;3;;6;2;3;4;5;;6;3;4;6
1146;6;170_6;;2;5;;;;;1;1;1;3;1;7;7;7;7;5;7;7;7;6;7;7;7;7;6
1148;6;172_6;23;1;5;;;;;1;1;2;2;1;6;7;7;5;6;6;4;6;6;5;6;6;5;6
1160;6;184_6;19;1;8;;;;;1;1;1;2;1;6;5;6;6;6;6;7;5;6;5;6;5;6;6
1200;6;224_6;21;2;8;;;;;2;1;1;2;1;5;5;5;6;6;6;6;6;5;5;6;5;5;6
1208;6;232_6;;2;5;;;;;1;1;2;2;1;6;6;6;6;5;6;6;6;5;5;;5;6;6
1214;6;238_6;20;2;8;;;;;1;1;1;;1;5;6;7;6;5;7;5;6;4;1;6;4;6;6
1234;6;258_6;21;2;8;;;;;2;1;1;2;1;6;5;5;6;4;5;5;6;4;4;5;4;5;6
1238;6;262_6;20;1;6;;;;;1;1;1;2;1;5;3;4;5;4;;2;4;6;4;5;4;5;6
1266;6;290_6;21;2;5;;;;;1;1;1;2;1;6;6;6;6;6;6;6;6;6;5;6;6;6;6
1282;6;306_6;24;2;5;;;;;1;1;1;2;1;5;4;5;5;5;7;3;5;6;6;5;4;6;6
1284;6;308_6;21;1;5;;;;;2;1;1;2;1;7;7;6;7;5;6;7;6;7;6;6;5;6;6
1300;6;324_6;24;1;7;;;;;1;1;2;2;1;6;4;6;4;4;4;5;5;6;5;5;6;6;6
1320;6;344_6;20;1;5;;;;;1;1;2;2;1;6;6;6;6;6;6;5;6;5;6;6;4;6;6
1324;6;348_6;22;2;3;;;;;1;1;2;2;1;5;4;5;5;5;5;4;5;6;6;5;4;5;6
1328;6;352_6;21;1;5;;;;;1;1;1;2;1;5;4;4;5;4;7;7;7;4;4;6;4;5;6
1348;6;372_6;20;1;8;;;;;2;1;2;;1;4;6;6;6;4;6;5;6;6;6;5;3;5;6
1354;6;378_6;30;2;2;;;;;2;3;2;;1;6;7;7;7;6;7;7;7;6;6;6;6;6;6
1372;6;396_6;21;2;5;;;;;1;1;1;2;1;6;3;4;7;1;7;4;4;3;4;7;1;5;6
1378;6;402_6;21;1;5;;;;;1;1;2;2;1;6;6;6;6;6;6;7;5;5;6;7;5;6;6
1400;6;424_6;21;1;3;;;;;2;1;1;1;1;7;6;7;6;7;7;7;6;6;6;7;4;6;6
1412;6;436_6;23;1;5;;;;;2;1;1;2;1;6;5;6;6;6;6;4;6;6;6;6;6;6;6
1416;6;440_6;25;1;5;;;;;2;1;1;2;1;4;5;5;5;3;6;6;6;6;5;6;3;5;6
1426;6;450_6;20;2;5;;;;;1;1;2;2;1;5;6;6;5;6;5;6;6;6;6;6;5;5;6
1432;6;456_6;23;1;5;;;;;1;1;1;2;1;6;7;7;7;6;7;4;6;6;6;6;5;5;6
1442;6;466_6;21;2;8;;;;;1;1;2;;1;4;5;5;5;2;1;1;3;6;6;5;4;5;6
1444;6;468_6;22;2;6;;;;;1;1;2;2;1;5;6;5;5;5;6;4;6;7;6;6;4;6;6
1468;6;492_6;23;1;5;;;;;2;1;1;2;1;5;7;7;6;6;6;4;6;6;6;6;5;6;6
1472;6;496_6;20;2;8;;;;;1;1;2;2;1;6;5;6;5;4;5;6;6;4;5;6;4;6;6
1480;6;504_6;32;1;10;;;;;1;1;1;1;2;6;7;7;6;6;7;6;6;7;6;7;5;6;6
1482;6;506_6;19;1;5;;;;;1;1;1;2;1;5;5;5;6;5;5;6;6;7;7;6;6;6;6
1484;6;508_6;25;2;8;;;;;1;1;1;2;1;6;6;6;6;6;6;4;6;6;6;6;6;6;6
1492;6;516_6;22;1;6;;;;;1;1;2;2;1;6;5;5;4;4;4;7;6;6;6;6;5;6;6
1506;6;530_6;;1;5;;;;;1;1;1;2;1;6;5;5;6;3;6;7;6;6;6;5;6;6;6
54;1;54_1;1;1;3;1;6;;;;;;;;4;7;7;7;7;7;4;4;7;7;7;4;7;7
60;1;60_1;2;1;4;1;2;;;;;;;;6;6;7;6;7;6;7;7;6;6;7;6;6;7
70;1;70_1;2;1;3;1;1;;;;;;;;5;6;7;3;7;7;7;7;7;7;7;5;7;7
74;1;74_1;1;1;3;1;4;;;;;;;;5;6;6;6;5;5;5;6;7;7;7;5;7;7
76;1;76_1;2;2;3;1;2;;;;;;;;7;7;7;6;5;5;7;7;7;7;7;5;6;7
88;1;88_1;2;2;3;3;4;;;;;;;;6;5;7;6;5;5;4;6;7;7;7;5;7;7
92;1;92_1;1;1;3;1;25;;;;;;;;6;6;7;5;5;6;7;7;6;6;7;5;6;7
132;1;132_1;3;1;3;1;55;;;;;;;;7;7;7;7;7;7;7;7;7;7;4;5;7;7
134;1;134_1;1;1;3;1;1.5;;;;;;;;7;7;7;7;7;7;7;7;7;7;7;5;7;7
142;1;142_1;1;1;4;1;11;;;;;;;;5;6;7;7;7;7;6;6;5;5;6;5;7;7
182;1;182_1;3;2;3;1;14;;;;;;;;7;7;7;7;7;7;7;7;7;7;7;6;7;7
192;1;192_1;2;1;3;1;16;;;;;;;;7;7;7;7;7;7;7;7;7;7;7;7;7;7
200;1;200_1;1;1;4;1;4;;;;;;;;5;6;6;6;6;7;7;7;7;7;7;5;7;7
230;1;230_1;3;2;2;1;8;;;;;;;;7;5;6;7;7;7;6;6;6;7;6;5;7;7
260;1;260_1;2;1;4;1;55;;;;;;;;7;6;7;7;7;6;7;7;7;7;7;6;7;7
266;1;266_1;4;1;3;1;5;;;;;;;;7;7;7;7;7;7;7;7;7;7;7;7;7;7
290;1;290_1;3;1;3;1;3;;;;;;;;7;7;7;5;7;7;7;7;7;7;7;6;7;7
292;1;292_1;4;1;4;1;38;;;;;;;;7;7;7;7;7;7;7;7;7;7;7;7;7;7
310;1;310_1;1;1;4;3;75;;;;;;;;5;7;7;7;6;7;7;7;7;5;7;7;4;7
340;1;340_1;2;1;3;3;0.5;;;;;;;;2;7;7;4;4;7;2;2;7;7;7;2;7;7
352;1;352_1;3;1;4;1;11;;;;;;;;7;7;7;7;7;7;7;7;7;7;7;6;7;7
376;1;376_1;2;2;4;1;15;;;;;;;;6;6;7;6;6;6;7;7;6;6;7;6;6;7
378;1;378_1;1;1;4;1;7;;;;;;;;6;6;7;7;6;7;6;6;7;7;7;7;7;7
382;1;382_1;2;1;3;1;14;;;;;;;;6;6;6;6;5;6;7;7;7;7;7;6;6;7
394;1;394_1;2;1;3;1;3;;;;;;;;7;6;7;6;6;6;7;7;7;7;7;6;7;7
416;1;416_1;2;2;3;1;14;;;;;;;;7;7;7;;5;5;7;7;7;7;7;7;7;7
450;1;450_1;3;2;3;1;0.5;;;;;;;;7;7;7;7;7;7;7;7;7;7;7;5;7;7
470;1;470_1;3;1;3;1;10;;;;;;;;5;7;7;7;6;7;7;6;7;7;7;5;7;7
514;1;514_1;2;1;3;1;1;;;;;;;;7;6;7;6;5;6;6;6;7;7;7;7;7;7
572;2;30_2;47;1;;;;19;3;;;;;;7;7;7;7;7;7;7;6;7;7;7;7;7;7
628;3;8_3;35 à 44 ans;Femme;D.E.C. (études collégiales);;1 à 5 ans;;;;;;;;7;7;7;7;7;7;7;7;7;7;7;5;7;7
636;3;16_3;35 à 44 ans;Femme;Baccalauréat (études universitaires de 1er cycle);;10 ans et plus;;;;;;;;5;4;5;7;6;7;6;6;7;6;7;5;6;7
638;3;18_3;;Femme;Baccalauréat (études universitaires de 1er cycle);;1 à 5 ans;;;;;;;;6;7;7;6;6;6;6;6;6;6;6;6;7;7
650;3;30_3;35 à 44 ans;Femme;Baccalauréat (études universitaires de 1er cycle);;Plus de 5 ans à moins de 10 ans;;;;;;;;7;5;5;5;5;7;7;7;7;7;7;7;7;7
654;3;34_3;45 à 54 ans;Femme;Baccalauréat (études universitaires de 1er cycle);;1 à 5 ans;;;;;;;;6;6;6;6;6;6;5;6;7;6;6;6;7;7
664;3;44_3;45 à 54 ans;Femme;Certificat (études universitaires de 1er cycle, 30 crédits);;Plus de 5 ans à moins de 10 ans;;;;;;;;6;5;5;6;6;7;7;7;7;7;7;4;7;7
670;3;50_3;25 à 34 ans;Femme;D.E.C. (études collégiales);;10 ans et plus;;;;;;;;5;7;7;7;7;4;7;7;7;7;7;7;7;7
674;3;54_3;55 ans et plus;Femme;D.E.S, D.E.P., A.E.P. (études secondaires);;10 ans et plus;;;;;;;;7;7;7;7;7;7;7;7;7;7;7;7;7;7
688;3;68_3;45 à 54 ans;Femme;Baccalauréat (études universitaires de 1er cycle);;10 ans et plus;;;;;;;;7;7;7;6;7;7;7;7;7;7;7;6;7;7
692;3;72_3;18 à 24 ans;Femme;D.E.C. (études collégiales);;Moins de 1 an;;;;;;;;7;7;7;7;7;7;7;7;7;7;7;7;7;7
698;3;78_3;;Femme;D.E.C. (études collégiales);;1 à 5 ans;;;;;;;;7;7;7;6;6;6;6;6;7;6;;5;7;7
702;3;82_3;25 à 34 ans;Femme;D.E.C. (études collégiales);;Plus de 5 ans à moins de 10 ans;;;;;;;;6;5;6;5;6;4;7;7;7;7;7;6;6;7
704;3;84_3;45 à 54 ans;Femme;D.E.C. (études collégiales);;1 à 5 ans;;;;;;;;4;5;7;6;7;4;5;4;6;6;6;4;6;7
714;3;94_3;25 à 34 ans;Femme;D.E.C. (études collégiales);;Plus de 5 ans à moins de 10 ans;;;;;;;;7;7;7;7;7;7;7;7;7;7;7;7;7;7
718;3;98_3;;Femme;D.E.C. (études collégiales);;10 ans et plus;;;;;;;;7;7;7;7;7;7;7;1;7;7;7;7;7;7
720;3;100_3;;Femme;D.E.C. (études collégiales);;Plus de 5 ans à moins de 10 ans;;;;;;;;7;7;7;7;7;7;7;7;7;7;7;7;7;7
722;3;102_3;25 à 34 ans;Femme;Baccalauréat (études universitaires de 1er cycle);;Plus de 5 ans à moins de 10 ans;;;;;;;;7;7;7;7;7;7;7;7;7;7;7;6;7;7
724;3;104_3;18 à 24 ans;Femme;Baccalauréat (études universitaires de 1er cycle);;1 à 5 ans;;;;;;;;7;7;7;7;7;6;7;7;7;7;7;7;7;7
726;3;106_3;45 à 54 ans;Femme;Baccalauréat (études universitaires de 1er cycle);;Plus de 5 ans à moins de 10 ans;;;;;;;;7;7;7;7;7;7;4;4;7;7;7;7;7;7
734;3;114_3;55 ans et plus;Femme;Baccalauréat (études universitaires de 1er cycle);;10 ans et plus;;;;;;;;7;6;7;7;6;7;7;7;7;7;7;6;7;7
738;3;118_3;35 à 44 ans;Femme;Maîtrise (études universitaires de 2e cycle);;Plus de 5 ans à moins de 10 ans;;;;;;;;7;6;6;6;7;7;7;7;7;7;7;6;7;7
742;3;122_3;55 ans et plus;Homme;Certificat (études universitaires de 1er cycle, 30 crédits);;Plus de 5 ans à moins de 10 ans;;;;;;;;7;6;7;6;7;7;7;7;7;7;6;6;7;7
746;3;126_3;35 à 44 ans;Femme;Baccalauréat (études universitaires de 1er cycle);;Plus de 5 ans à moins de 10 ans;;;;;;;;7;6;7;7;6;7;7;7;7;7;7;6;7;7
748;3;128_3;35 à 44 ans;Femme;Maîtrise (études universitaires de 2e cycle);;Plus de 5 ans à moins de 10 ans;;;;;;;;7;6;7;7;7;7;7;7;6;6;7;7;6;7
752;3;132_3;45 à 54 ans;Femme;Baccalauréat (études universitaires de 1er cycle);;Plus de 5 ans à moins de 10 ans;;;;;;;;6;6;7;7;7;7;7;7;7;7;7;5;6;7
796;4;34_4;1;1;2;;;;;;;;;;4;7;7;5;7;5;7;7;6;6;7;5;7;7
814;4;52_4;2;1;4;;;;;;;;;;7;6;7;7;7;5;7;7;7;7;7;7;6;7
818;4;56_4;1;1;4;;;;;;;;;;7;7;7;7;7;5;7;7;7;7;7;6;7;7
868;4;106_4;2;1;2;;;;;;;;;;7;5;7;7;4;5;5;5;7;5;6;4;6;7
926;5;39_5;28;1;2;;;;;;;;;;7;6;5;5;6;6;6;6;5;7;7;4;6;7
928;5;41_5;24;1;2;;;;;;;;;;6;7;7;7;7;7;7;7;7;7;7;7;7;7
930;5;43_5;24;1;2;;;;;;;;;;6;6;6;5;5;5;7;7;6;5;5;5;6;7
972;5;85_5;22;1;2;;;;;;;;;;7;5;6;6;5;7;5;5;7;7;7;5;7;7
984;6;8_6;37;1;2;;;;;2;4;2;;1;7;7;7;7;6;7;6;5;6;7;7;6;7;7
1060;6;84_6;24;1;8;;;;;1;1;2;;1;4;5;5;5;4;6;4;6;6;6;7;4;6;7
1140;6;164_6;37;2;6;;;;;4;3;1;1;1;6;6;7;5;6;7;3;6;7;7;7;5;7;7
1144;6;168_6;21;1;4;;;;;1;1;1;;1;4;7;7;6;7;7;1;7;7;6;3;3;4;7
1172;6;196_6;22;2;8;;;;;2;1;2;3;1;6;6;6;7;6;6;1;5;7;6;6;7;6;7
1184;6;208_6;25;1;6;;;;;1;1;2;;1;6;6;6;7;5;7;5;7;6;6;6;6;7;7
1206;6;230_6;23;1;7;;;;;1;1;1;2;1;6;6;7;6;6;7;6;6;6;6;6;6;7;7
1212;6;236_6;23;2;7;;;;;1;1;1;2;1;7;7;7;7;6;7;6;7;6;6;6;5;7;7
1230;6;254_6;23;2;6;;;;;1;1;2;2;1;7;6;6;5;6;7;6;7;7;7;6;5;7;7
1290;6;314_6;20;1;5;;;;;1;1;2;2;1;7;6;6;7;6;7;6;7;7;6;7;7;7;7
1302;6;326_6;21;2;5;;;;;1;1;1;1;2;6;6;7;7;6;5;;2;7;6;6;3;6;7
1358;6;382_6;43;1;6;;;;;2;3;1;1;2;2;5;7;7;7;7;2;7;7;5;7;4;;7
1364;6;388_6;20;2;5;;;;;1;1;1;;1;6;5;5;6;5;7;1;5;7;7;7;5;6;7
1394;6;418_6;20;2;8;;;;;1;1;2;;1;6;6;6;7;6;7;6;7;7;6;7;7;6;7
1398;6;422_6;36;2;8;;;;;2;3;1;1;2;7;7;7;5;7;7;7;7;7;7;7;3;7;7
1470;6;494_6;21;2;8;;;;;1;1;1;2;1;1;2;2;3;3;5;2;7;4;6;7;5;5;7
1496;6;520_6;19;2;5;;;;;2;1;1;2;1;6;7;7;6;6;6;6;2;6;7;4;5;5;7
484;1;484_1;3;2;3;1;2;;;;;;;;3;6;6;6;3;6;4;3;3;3;5;2;3;
544;2;2_2;43;2;;;;18;5;;;;;;6;5;6;5;6;6;6;6;6;6;6;6;6;
1048;6;72_6;20;;8;;;;;1;1;1;2;1;5;4;5;6;3;5;4;4;6;4;2;2;3;